donor_type	acceptor_type	donor	acceptor	R0
AlexaFluor	AlexaFluor	430	405	0.5863601846728799
AlexaFluor	AlexaFluor	430	430	2.3064555013698507
AlexaFluor	AlexaFluor	430	488	4.066527888293166
AlexaFluor	AlexaFluor	430	514	4.760286606710603
AlexaFluor	AlexaFluor	430	532	5.123733213760594
AlexaFluor	AlexaFluor	430	546	5.562877577803662
AlexaFluor	AlexaFluor	430	555	5.855659741593905
AlexaFluor	AlexaFluor	430	568	5.605482824282152
AlexaFluor	AlexaFluor	430	594	5.611248492122301
AlexaFluor	AlexaFluor	430	610	5.762613892685551
AlexaFluor	AlexaFluor	430	633	5.7561250405358475
AlexaFluor	AlexaFluor	430	635	5.569797214806372
AlexaFluor	AlexaFluor	430	647	6.077137617775069
AlexaFluor	AlexaFluor	430	660	6.07770642671547
AlexaFluor	AlexaFluor	430	680	5.843172262758251
AlexaFluor	AlexaFluor	430	700	5.833559681262213
AlexaFluor	AlexaFluor	430	750	5.440927600839828
AlexaFluor	AlexaFluor	430	790	4.8107294459842445
AlexaFluor	ATTO	430	390	1.6047847331803207
AlexaFluor	ATTO	430	425	1.9315020118657058
AlexaFluor	ATTO	430	465	2.3675309764845416
AlexaFluor	ATTO	430	488	4.109077340168687
AlexaFluor	ATTO	430	495	3.9966718635540603
AlexaFluor	ATTO	430	520	4.931219757977955
AlexaFluor	ATTO	430	550	5.589019811662266
AlexaFluor	ATTO	430	610	5.763307018947243
AlexaFluor	ATTO	430	647N	5.45904055499931
AlexaFluor	ATTO	430	Thio12	5.620885349860131
AlexaFluor	Lumiprobe	430	Cy3	5.777422663200705
AlexaFluor	Lumiprobe	430	Cy3W	5.948354254808678
AlexaFluor	Lumiprobe	430	Cy3b	5.8858157446147725
AlexaFluor	Lumiprobe	430	Cy5	6.0734263571242675
AlexaFluor	Lumiprobe	430	Cy5W	6.155622572844449
AlexaFluor	Lumiprobe	430	Cy55	5.942943484489729
AlexaFluor	Lumiprobe	430	Cy7	5.1957329841447075
AlexaFluor	Lumiprobe	430	Cy75	4.794141471348874
AlexaFluor	CF	430	660R	5.136858110979315
AlexaFluor	AlexaFluor	488	430	2.6519527192233494
AlexaFluor	AlexaFluor	488	488	5.072894423735687
AlexaFluor	AlexaFluor	488	514	5.891029638717879
AlexaFluor	AlexaFluor	488	532	6.033697009389512
AlexaFluor	AlexaFluor	488	546	6.038261861796075
AlexaFluor	AlexaFluor	488	555	6.615668919798819
AlexaFluor	AlexaFluor	488	568	5.866877574273205
AlexaFluor	AlexaFluor	488	594	5.687781310385014
AlexaFluor	AlexaFluor	488	610	5.571139776539859
AlexaFluor	AlexaFluor	488	633	5.353529764083604
AlexaFluor	AlexaFluor	488	635	5.135290860617171
AlexaFluor	AlexaFluor	488	647	5.378558552645125
AlexaFluor	AlexaFluor	488	660	5.789959880648668
AlexaFluor	AlexaFluor	488	680	5.1939624548857
AlexaFluor	AlexaFluor	488	700	4.944068199625243
AlexaFluor	AlexaFluor	488	750	4.4190205116551065
AlexaFluor	AlexaFluor	488	790	4.1467549998299535
AlexaFluor	ATTO	488	390	1.7488989827239076
AlexaFluor	ATTO	488	425	1.9533302764289577
AlexaFluor	ATTO	488	465	2.4866516705789095
AlexaFluor	ATTO	488	488	5.12386379614454
AlexaFluor	ATTO	488	495	4.960887299752853
AlexaFluor	ATTO	488	520	6.142929414734821
AlexaFluor	ATTO	488	550	6.1990571032656
AlexaFluor	ATTO	488	610	5.489295533557627
AlexaFluor	ATTO	488	647N	4.86166797561312
AlexaFluor	ATTO	488	Thio12	5.75374672400336
AlexaFluor	Lumiprobe	488	Cy3	6.529494668630877
AlexaFluor	Lumiprobe	488	Cy3W	6.722677162135089
AlexaFluor	Lumiprobe	488	Cy3b	6.627052319404451
AlexaFluor	Lumiprobe	488	Cy5	5.429058419113015
AlexaFluor	Lumiprobe	488	Cy5W	5.502533922187391
AlexaFluor	Lumiprobe	488	Cy55	5.085962906478388
AlexaFluor	Lumiprobe	488	Cy7	4.62252074611526
AlexaFluor	Lumiprobe	488	Cy75	4.036006190467292
AlexaFluor	CF	488	660R	4.5465846469121285
AlexaFluor	AlexaFluor	532	430	1.985587703813686
AlexaFluor	AlexaFluor	532	488	2.737579783516017
AlexaFluor	AlexaFluor	532	514	4.091546683984514
AlexaFluor	AlexaFluor	532	532	5.1400817382639685
AlexaFluor	AlexaFluor	532	546	6.05493021646792
AlexaFluor	AlexaFluor	532	555	6.265608603271312
AlexaFluor	AlexaFluor	532	568	6.024603658883017
AlexaFluor	AlexaFluor	532	594	5.994102684285413
AlexaFluor	AlexaFluor	532	610	6.084328646564032
AlexaFluor	AlexaFluor	532	633	5.93502964043816
AlexaFluor	AlexaFluor	532	635	5.726971041442813
AlexaFluor	AlexaFluor	532	647	6.075006085901176
AlexaFluor	AlexaFluor	532	660	6.173502520193611
AlexaFluor	AlexaFluor	532	680	5.683862125083714
AlexaFluor	AlexaFluor	532	700	5.516009020269136
AlexaFluor	AlexaFluor	532	750	4.996177097808537
AlexaFluor	AlexaFluor	532	790	4.4073649942171516
AlexaFluor	ATTO	532	390	1.6883543630586297
AlexaFluor	ATTO	532	425	1.0574247887298083
AlexaFluor	ATTO	532	465	1.665626058082465
AlexaFluor	ATTO	532	488	2.6421445058863933
AlexaFluor	ATTO	532	495	2.478809964750312
AlexaFluor	ATTO	532	520	4.066904574966721
AlexaFluor	ATTO	532	550	6.062859987395434
AlexaFluor	ATTO	532	610	6.04679885353098
AlexaFluor	ATTO	532	647N	5.480535124018276
AlexaFluor	ATTO	532	Thio12	6.052716967890983
AlexaFluor	Lumiprobe	532	Cy3	6.175191649786899
AlexaFluor	Lumiprobe	532	Cy3W	6.357891687280361
AlexaFluor	Lumiprobe	532	Cy3b	6.280218494350604
AlexaFluor	Lumiprobe	532	Cy5	6.127154183460308
AlexaFluor	Lumiprobe	532	Cy5W	6.210077537988803
AlexaFluor	Lumiprobe	532	Cy55	5.76285130696723
AlexaFluor	Lumiprobe	532	Cy7	4.917984389981309
AlexaFluor	Lumiprobe	532	Cy75	4.536744592561873
AlexaFluor	CF	532	660R	5.085743010844966
AlexaFluor	AlexaFluor	546	430	1.9440323015631784
AlexaFluor	AlexaFluor	546	488	1.687072525332949
AlexaFluor	AlexaFluor	546	514	3.0017014065775918
AlexaFluor	AlexaFluor	546	532	4.166475178099104
AlexaFluor	AlexaFluor	546	546	6.120525807382451
AlexaFluor	AlexaFluor	546	555	5.773714334285752
AlexaFluor	AlexaFluor	546	568	6.444367059169521
AlexaFluor	AlexaFluor	546	594	6.487332835373068
AlexaFluor	AlexaFluor	546	610	6.6420841443829515
AlexaFluor	AlexaFluor	546	633	6.65505472322378
AlexaFluor	AlexaFluor	546	635	6.447687095900495
AlexaFluor	AlexaFluor	546	647	6.858934378443619
AlexaFluor	AlexaFluor	546	660	6.8188349772316945
AlexaFluor	AlexaFluor	546	680	6.414220884929607
AlexaFluor	AlexaFluor	546	700	6.310122855235761
AlexaFluor	AlexaFluor	546	750	5.754596367946756
AlexaFluor	AlexaFluor	546	790	5.012812770692788
AlexaFluor	ATTO	546	390	1.753477519655905
AlexaFluor	ATTO	546	465	1.0096405983913241
AlexaFluor	ATTO	546	488	2.253350227537927
AlexaFluor	ATTO	546	495	1.6807647762278053
AlexaFluor	ATTO	546	520	2.9727315183468415
AlexaFluor	ATTO	546	550	5.727313908915519
AlexaFluor	ATTO	546	610	6.681484215061893
AlexaFluor	ATTO	546	647N	6.1943717712556605
AlexaFluor	ATTO	546	Thio12	6.597693200457035
AlexaFluor	Lumiprobe	546	Cy3	5.729018838476618
AlexaFluor	Lumiprobe	546	Cy3W	5.898518348119619
AlexaFluor	Lumiprobe	546	Cy3b	6.058340097501454
AlexaFluor	Lumiprobe	546	Cy5	6.908088866478968
AlexaFluor	Lumiprobe	546	Cy5W	7.001581193428357
AlexaFluor	Lumiprobe	546	Cy55	6.566277746428096
AlexaFluor	Lumiprobe	546	Cy7	5.531685088147937
AlexaFluor	Lumiprobe	546	Cy75	5.10296860454456
AlexaFluor	CF	546	660R	5.722015094250275
AlexaFluor	AlexaFluor	555	430	1.3637353880519576
AlexaFluor	AlexaFluor	555	488	1.2188758128225305
AlexaFluor	AlexaFluor	555	514	2.1385809153903383
AlexaFluor	AlexaFluor	555	532	3.0331251116247726
AlexaFluor	AlexaFluor	555	546	4.328880305162375
AlexaFluor	AlexaFluor	555	555	4.172593678404844
AlexaFluor	AlexaFluor	555	568	4.4584398155000144
AlexaFluor	AlexaFluor	555	594	4.508591326730849
AlexaFluor	AlexaFluor	555	610	4.7240903952983295
AlexaFluor	AlexaFluor	555	633	4.727245387379217
AlexaFluor	AlexaFluor	555	635	4.5749917819022645
AlexaFluor	AlexaFluor	555	647	4.926481615643338
AlexaFluor	AlexaFluor	555	660	4.874448888531618
AlexaFluor	AlexaFluor	555	680	4.653233981783132
AlexaFluor	AlexaFluor	555	700	4.614158818806151
AlexaFluor	AlexaFluor	555	750	4.2525627125221925
AlexaFluor	AlexaFluor	555	790	3.711429910367459
AlexaFluor	ATTO	555	390	1.2217849004844294
AlexaFluor	ATTO	555	465	0.7207049359540775
AlexaFluor	ATTO	555	488	1.5874989231033925
AlexaFluor	ATTO	555	495	1.217112290149534
AlexaFluor	ATTO	555	520	2.107062903726427
AlexaFluor	ATTO	555	550	4.112250094263126
AlexaFluor	ATTO	555	610	4.748678601640525
AlexaFluor	ATTO	555	647N	4.4325867953460865
AlexaFluor	ATTO	555	Thio12	4.543386267403471
AlexaFluor	Lumiprobe	555	Cy3	4.131413965307755
AlexaFluor	Lumiprobe	555	Cy3W	4.253646525715623
AlexaFluor	Lumiprobe	555	Cy3b	4.32422790749825
AlexaFluor	Lumiprobe	555	Cy5	4.9408701280270275
AlexaFluor	Lumiprobe	555	Cy5W	5.007738614283113
AlexaFluor	Lumiprobe	555	Cy55	4.776498627673384
AlexaFluor	Lumiprobe	555	Cy7	4.053266126757341
AlexaFluor	Lumiprobe	555	Cy75	3.7466844597097553
AlexaFluor	CF	555	660R	4.132526477549708
AlexaFluor	AlexaFluor	568	430	1.5847147838694744
AlexaFluor	AlexaFluor	568	514	2.2209292196250736
AlexaFluor	AlexaFluor	568	532	3.1000385975449816
AlexaFluor	AlexaFluor	568	546	4.445365553552648
AlexaFluor	AlexaFluor	568	555	3.7151151435574614
AlexaFluor	AlexaFluor	568	568	5.596619962252467
AlexaFluor	AlexaFluor	568	594	6.1462348485615195
AlexaFluor	AlexaFluor	568	610	6.845277785897935
AlexaFluor	AlexaFluor	568	633	6.902129714610216
AlexaFluor	AlexaFluor	568	635	6.699868479960833
AlexaFluor	AlexaFluor	568	647	7.4208113643577285
AlexaFluor	AlexaFluor	568	660	7.155897386866663
AlexaFluor	AlexaFluor	568	680	7.00170404892328
AlexaFluor	AlexaFluor	568	700	7.01536149012503
AlexaFluor	AlexaFluor	568	750	6.528749676954979
AlexaFluor	AlexaFluor	568	790	5.669569228244056
AlexaFluor	ATTO	568	390	1.4444789552573667
AlexaFluor	ATTO	568	488	2.0049690800616045
AlexaFluor	ATTO	568	495	0.8640123666047803
AlexaFluor	ATTO	568	520	2.2325063951357618
AlexaFluor	ATTO	568	550	3.7971912944066197
AlexaFluor	ATTO	568	610	6.915903237252432
AlexaFluor	ATTO	568	647N	6.64884369318589
AlexaFluor	ATTO	568	Thio12	5.769727398348052
AlexaFluor	Lumiprobe	568	Cy3	3.6890716399427093
AlexaFluor	Lumiprobe	568	Cy3W	3.7982170017642916
AlexaFluor	Lumiprobe	568	Cy3b	4.037152019668602
AlexaFluor	Lumiprobe	568	Cy5	7.391438398887707
AlexaFluor	Lumiprobe	568	Cy5W	7.49147225611967
AlexaFluor	Lumiprobe	568	Cy55	7.250840478319371
AlexaFluor	Lumiprobe	568	Cy7	6.134255183402777
AlexaFluor	Lumiprobe	568	Cy75	5.663074438555607
AlexaFluor	CF	568	660R	6.250908515973644
AlexaFluor	AlexaFluor	594	430	1.2601104500413645
AlexaFluor	AlexaFluor	594	514	1.7538497625303622
AlexaFluor	AlexaFluor	594	532	2.927391894243664
AlexaFluor	AlexaFluor	594	546	3.7208234669697426
AlexaFluor	AlexaFluor	594	555	2.485182268880844
AlexaFluor	AlexaFluor	594	568	4.737655494805884
AlexaFluor	AlexaFluor	594	594	5.49550747211864
AlexaFluor	AlexaFluor	594	610	6.621687821638885
AlexaFluor	AlexaFluor	594	633	7.041189438065372
AlexaFluor	AlexaFluor	594	635	6.842151880036311
AlexaFluor	AlexaFluor	594	647	7.633011633649846
AlexaFluor	AlexaFluor	594	660	7.258613324875064
AlexaFluor	AlexaFluor	594	680	7.253359901798326
AlexaFluor	AlexaFluor	594	700	7.346866941196868
AlexaFluor	AlexaFluor	594	750	6.9915437962220635
AlexaFluor	AlexaFluor	594	790	6.085055451551728
AlexaFluor	ATTO	594	390	1.1383168844514635
AlexaFluor	ATTO	594	488	1.7761303923545921
AlexaFluor	ATTO	594	520	1.84710229021479
AlexaFluor	ATTO	594	550	2.7312923432511194
AlexaFluor	ATTO	594	610	6.774013840810253
AlexaFluor	ATTO	594	647N	6.847851767074215
AlexaFluor	ATTO	594	Thio12	4.80792392034758
AlexaFluor	Lumiprobe	594	Cy3	2.4419985693988586
AlexaFluor	Lumiprobe	594	Cy3W	2.514247862293849
AlexaFluor	Lumiprobe	594	Cy3b	2.7002763401238132
AlexaFluor	Lumiprobe	594	Cy5	7.586192866688043
AlexaFluor	Lumiprobe	594	Cy5W	7.688862481613685
AlexaFluor	Lumiprobe	594	Cy55	7.515410343362817
AlexaFluor	Lumiprobe	594	Cy7	6.541655416165624
AlexaFluor	Lumiprobe	594	Cy75	6.030941263218247
AlexaFluor	CF	594	660R	6.394836148641441
AlexaFluor	AlexaFluor	647	532	2.35064582802019
AlexaFluor	AlexaFluor	647	546	2.899738511049696
AlexaFluor	AlexaFluor	647	568	1.3353559630307177
AlexaFluor	AlexaFluor	647	594	2.647554307370709
AlexaFluor	AlexaFluor	647	610	2.8065522356703223
AlexaFluor	AlexaFluor	647	633	4.678412765682649
AlexaFluor	AlexaFluor	647	635	4.576628575076726
AlexaFluor	AlexaFluor	647	647	6.495740210781414
AlexaFluor	AlexaFluor	647	660	6.5668044267850405
AlexaFluor	AlexaFluor	647	680	7.079371935535053
AlexaFluor	AlexaFluor	647	700	7.185698484339232
AlexaFluor	AlexaFluor	647	750	7.315298867046437
AlexaFluor	AlexaFluor	647	790	6.567618447946198
AlexaFluor	ATTO	647	550	1.011448961794538
AlexaFluor	ATTO	647	610	3.3824425044043775
AlexaFluor	ATTO	647	647N	5.549419439267513
AlexaFluor	ATTO	647	Thio12	1.9040988801700518
AlexaFluor	Lumiprobe	647	Cy5	6.120856183091581
AlexaFluor	Lumiprobe	647	Cy5W	6.2036943020765
AlexaFluor	Lumiprobe	647	Cy55	7.276562514005091
AlexaFluor	Lumiprobe	647	Cy7	6.8226726933657575
AlexaFluor	Lumiprobe	647	Cy75	6.441271505937168
AlexaFluor	CF	647	660R	6.021035676120234
AlexaFluor	AlexaFluor	660	532	2.0400734364531914
AlexaFluor	AlexaFluor	660	546	2.5190969982777647
AlexaFluor	AlexaFluor	660	568	1.2918598665540517
AlexaFluor	AlexaFluor	660	594	2.2976218264976276
AlexaFluor	AlexaFluor	660	610	2.4395539052589768
AlexaFluor	AlexaFluor	660	633	3.913118414140405
AlexaFluor	AlexaFluor	660	635	3.8383458964981045
AlexaFluor	AlexaFluor	660	647	5.7062939303950975
AlexaFluor	AlexaFluor	660	660	6.353492179332022
AlexaFluor	AlexaFluor	660	680	7.21261235864165
AlexaFluor	AlexaFluor	660	700	7.583208162908208
AlexaFluor	AlexaFluor	660	750	7.608904500015614
AlexaFluor	AlexaFluor	660	790	6.867317454572751
AlexaFluor	ATTO	660	550	0.8981430033370156
AlexaFluor	ATTO	660	610	3.117586335958311
AlexaFluor	ATTO	660	647N	4.752161295475659
AlexaFluor	ATTO	660	Thio12	1.580044512303275
AlexaFluor	Lumiprobe	660	Cy3	0.40775461526380435
AlexaFluor	Lumiprobe	660	Cy3W	0.419818497281037
AlexaFluor	Lumiprobe	660	Cy5	5.251547322845247
AlexaFluor	Lumiprobe	660	Cy5W	5.3226204356536355
AlexaFluor	Lumiprobe	660	Cy55	7.171234038538445
AlexaFluor	Lumiprobe	660	Cy7	7.077025974574509
AlexaFluor	Lumiprobe	660	Cy75	6.7152610489538
AlexaFluor	CF	660	660R	5.612868352966682
AlexaFluor	AlexaFluor	680	532	1.5989339185242792
AlexaFluor	AlexaFluor	680	546	1.9764175013206275
AlexaFluor	AlexaFluor	680	568	
AlexaFluor	AlexaFluor	680	594	1.750789023536609
AlexaFluor	AlexaFluor	680	610	1.3585441979488138
AlexaFluor	AlexaFluor	680	633	2.8840222064386234
AlexaFluor	AlexaFluor	680	635	2.8494896211627636
AlexaFluor	AlexaFluor	680	647	4.633617862925828
AlexaFluor	AlexaFluor	680	660	5.67658674056263
AlexaFluor	AlexaFluor	680	680	6.7249591276131735
AlexaFluor	AlexaFluor	680	700	7.380995107661478
AlexaFluor	AlexaFluor	680	750	7.8681364486442735
AlexaFluor	AlexaFluor	680	790	7.283027883240083
AlexaFluor	ATTO	680	610	2.713930500712691
AlexaFluor	ATTO	680	647N	3.746481629165376
AlexaFluor	ATTO	680	Thio12	1.1320101653077161
AlexaFluor	Lumiprobe	680	Cy5	4.130212227218682
AlexaFluor	Lumiprobe	680	Cy5W	4.186109474544382
AlexaFluor	Lumiprobe	680	Cy55	6.4097125974749085
AlexaFluor	Lumiprobe	680	Cy7	7.367726403376701
AlexaFluor	Lumiprobe	680	Cy75	7.113710190034663
AlexaFluor	CF	680	660R	4.8020384462263594
AlexaFluor	AlexaFluor	700	532	1.2622687348812236
AlexaFluor	AlexaFluor	700	546	1.5577960430358395
AlexaFluor	AlexaFluor	700	568	0.6190060836685182
AlexaFluor	AlexaFluor	700	594	1.4093424176424592
AlexaFluor	AlexaFluor	700	610	1.4391640547784479
AlexaFluor	AlexaFluor	700	633	2.498769897264363
AlexaFluor	AlexaFluor	700	635	2.4605872245961113
AlexaFluor	AlexaFluor	700	647	3.705733617761032
AlexaFluor	AlexaFluor	700	660	4.744815398733795
AlexaFluor	AlexaFluor	700	680	5.781948366768265
AlexaFluor	AlexaFluor	700	700	6.613069587006661
AlexaFluor	AlexaFluor	700	750	7.563387867633932
AlexaFluor	AlexaFluor	700	790	7.031451593055616
AlexaFluor	ATTO	700	550	0.47229112117661237
AlexaFluor	ATTO	700	610	2.4375919059775066
AlexaFluor	ATTO	700	647N	3.064072397589079
AlexaFluor	ATTO	700	Thio12	0.9775536682159671
AlexaFluor	Lumiprobe	700	Cy5	3.346619735230357
AlexaFluor	Lumiprobe	700	Cy5W	3.3919120400210026
AlexaFluor	Lumiprobe	700	Cy55	5.281511096758096
AlexaFluor	Lumiprobe	700	Cy7	7.138041849346683
AlexaFluor	Lumiprobe	700	Cy75	6.878600207578947
AlexaFluor	CF	700	660R	3.851985820544181
AlexaFluor	AlexaFluor	750	660	2.021893091353312
AlexaFluor	AlexaFluor	750	680	2.432824204897018
AlexaFluor	AlexaFluor	750	700	3.452401827272417
AlexaFluor	AlexaFluor	750	750	6.640703867303438
AlexaFluor	AlexaFluor	750	790	7.063898394321444
AlexaFluor	ATTO	750	610	1.0888944461923347
AlexaFluor	Lumiprobe	750	Cy55	2.1408607848029355
AlexaFluor	Lumiprobe	750	Cy7	6.167431913027031
AlexaFluor	Lumiprobe	750	Cy75	6.948787773199146
AlexaFluor	CF	750	660R	0.7366017705872594
ATTO	AlexaFluor	390	405	1.2908331025414952
ATTO	AlexaFluor	390	430	3.8659162439034
ATTO	AlexaFluor	390	488	5.384753610773599
ATTO	AlexaFluor	390	514	5.405979713790898
ATTO	AlexaFluor	390	532	5.250312773848709
ATTO	AlexaFluor	390	546	5.102033996180184
ATTO	AlexaFluor	390	555	5.656153252761841
ATTO	AlexaFluor	390	568	4.896322217414598
ATTO	AlexaFluor	390	594	4.791469523554506
ATTO	AlexaFluor	390	610	4.654968073133677
ATTO	AlexaFluor	390	633	4.465690963745131
ATTO	AlexaFluor	390	635	4.36817885025357
ATTO	AlexaFluor	390	647	4.542498986028632
ATTO	AlexaFluor	390	660	4.985423955315182
ATTO	AlexaFluor	390	680	4.4135973042532015
ATTO	AlexaFluor	390	700	4.364656170593245
ATTO	AlexaFluor	390	750	3.9429419383486546
ATTO	AlexaFluor	390	790	4.032615614597534
ATTO	ATTO	390	390	2.020081115557023
ATTO	ATTO	390	425	4.08442316157804
ATTO	ATTO	390	465	4.817702496867322
ATTO	ATTO	390	488	5.492800496289849
ATTO	ATTO	390	495	5.5078715022096825
ATTO	ATTO	390	520	5.692559219103233
ATTO	ATTO	390	550	5.2521185395693335
ATTO	ATTO	390	610	4.601306111110203
ATTO	ATTO	390	647N	4.145001831999743
ATTO	ATTO	390	Thio12	4.829331688266633
ATTO	Lumiprobe	390	Cy3	5.5874247219246485
ATTO	Lumiprobe	390	Cy3W	5.75273500929407
ATTO	Lumiprobe	390	Cy3b	5.725284061291977
ATTO	Lumiprobe	390	Cy5	4.561151753710777
ATTO	Lumiprobe	390	Cy5W	4.622881227558882
ATTO	Lumiprobe	390	Cy55	4.339203989487054
ATTO	Lumiprobe	390	Cy7	3.959702762727485
ATTO	Lumiprobe	390	Cy75	3.4690399391332463
ATTO	CF	390	660R	3.857816638151627
ATTO	AlexaFluor	425	405	0.5553227892132878
ATTO	AlexaFluor	425	430	3.588562325197163
ATTO	AlexaFluor	425	488	5.5068909024553045
ATTO	AlexaFluor	425	514	5.603671164454877
ATTO	AlexaFluor	425	532	5.495757501470716
ATTO	AlexaFluor	425	546	5.375613394031243
ATTO	AlexaFluor	425	555	5.947600998828341
ATTO	AlexaFluor	425	568	5.19544213347433
ATTO	AlexaFluor	425	594	5.072423103111803
ATTO	AlexaFluor	425	610	4.963611629893582
ATTO	AlexaFluor	425	633	4.78143416387767
ATTO	AlexaFluor	425	635	4.636329728323772
ATTO	AlexaFluor	425	647	4.871488934746835
ATTO	AlexaFluor	425	660	5.271686372971813
ATTO	AlexaFluor	425	680	4.721739596869621
ATTO	AlexaFluor	425	700	4.622323893575949
ATTO	AlexaFluor	425	750	4.267159497661274
ATTO	AlexaFluor	425	790	4.140910590395531
ATTO	ATTO	425	390	1.7019866917508157
ATTO	ATTO	425	425	3.3462914128408974
ATTO	ATTO	425	465	4.194526300103815
ATTO	ATTO	425	488	5.6153408943712995
ATTO	ATTO	425	495	5.589880870095288
ATTO	ATTO	425	520	5.8967176980046485
ATTO	ATTO	425	550	5.534357546361782
ATTO	ATTO	425	610	4.910007504782806
ATTO	ATTO	425	647N	4.422862485138395
ATTO	ATTO	425	Thio12	5.108664146626712
ATTO	Lumiprobe	425	Cy3	5.875570086118348
ATTO	Lumiprobe	425	Cy3W	6.049405480371469
ATTO	Lumiprobe	425	Cy3b	6.005935682133714
ATTO	Lumiprobe	425	Cy5	4.893086757110661
ATTO	Lumiprobe	425	Cy5W	4.9593085553141165
ATTO	Lumiprobe	425	Cy55	4.658101952454475
ATTO	Lumiprobe	425	Cy7	4.287410898679419
ATTO	Lumiprobe	425	Cy75	3.805067310795816
ATTO	CF	425	660R	4.1317616297639015
ATTO	AlexaFluor	465	405	0.3418738819991303
ATTO	AlexaFluor	465	430	3.0611287217527265
ATTO	AlexaFluor	465	488	5.147614509928683
ATTO	AlexaFluor	465	514	5.473080109879812
ATTO	AlexaFluor	465	532	5.532201224163912
ATTO	AlexaFluor	465	546	5.6079963059918505
ATTO	AlexaFluor	465	555	6.10094275289787
ATTO	AlexaFluor	465	568	5.499047553750917
ATTO	AlexaFluor	465	594	5.40247050330045
ATTO	AlexaFluor	465	610	5.389720993184377
ATTO	AlexaFluor	465	633	5.259237965076116
ATTO	AlexaFluor	465	635	5.077301380251026
ATTO	AlexaFluor	465	647	5.4107381339861895
ATTO	AlexaFluor	465	660	5.641342719465331
ATTO	AlexaFluor	465	680	5.200336130993699
ATTO	AlexaFluor	465	700	5.094342852470519
ATTO	AlexaFluor	465	750	4.761692953860626
ATTO	AlexaFluor	465	790	4.387028475784663
ATTO	ATTO	465	390	1.6659471865524438
ATTO	ATTO	465	425	2.596896979229491
ATTO	ATTO	465	465	3.322001498467689
ATTO	ATTO	465	488	5.245397834473781
ATTO	ATTO	465	495	5.161418485374381
ATTO	ATTO	465	520	5.736657801786393
ATTO	ATTO	465	550	5.73255711766668
ATTO	ATTO	465	610	5.3490424707909145
ATTO	ATTO	465	647N	4.8835071900193485
ATTO	ATTO	465	Thio12	5.439043535863618
ATTO	Lumiprobe	465	Cy3	6.023802034205228
ATTO	Lumiprobe	465	Cy3W	6.202023038494297
ATTO	Lumiprobe	465	Cy3b	6.13425538761659
ATTO	Lumiprobe	465	Cy5	5.433413785181454
ATTO	Lumiprobe	465	Cy5W	5.506948232678279
ATTO	Lumiprobe	465	Cy55	5.2045495031104165
ATTO	Lumiprobe	465	Cy7	4.694836380635822
ATTO	Lumiprobe	465	Cy75	4.272807953310642
ATTO	CF	465	660R	4.571103595954086
ATTO	AlexaFluor	488	430	2.498276936832204
ATTO	AlexaFluor	488	488	4.7994263570291
ATTO	AlexaFluor	488	514	5.716214606966972
ATTO	AlexaFluor	488	532	5.901310691624707
ATTO	AlexaFluor	488	546	5.953382148814468
ATTO	AlexaFluor	488	555	6.491503780652231
ATTO	AlexaFluor	488	568	5.801988162786127
ATTO	AlexaFluor	488	594	5.633775791583067
ATTO	AlexaFluor	488	610	5.535602668777639
ATTO	AlexaFluor	488	633	5.336479100844449
ATTO	AlexaFluor	488	635	5.12204654016459
ATTO	AlexaFluor	488	647	5.370039516784096
ATTO	AlexaFluor	488	660	5.74647667277379
ATTO	AlexaFluor	488	680	5.204748094847212
ATTO	AlexaFluor	488	700	4.999589232086035
ATTO	AlexaFluor	488	750	4.582380818538809
ATTO	AlexaFluor	488	790	4.234650845190022
ATTO	ATTO	488	390	1.71437637127731
ATTO	ATTO	488	425	1.850170854947325
ATTO	ATTO	488	465	2.3494389281768595
ATTO	ATTO	488	488	4.823799447194821
ATTO	ATTO	488	495	4.661380140261882
ATTO	ATTO	488	520	5.9479846243317676
ATTO	ATTO	488	550	6.094786728368627
ATTO	ATTO	488	610	5.461542394802423
ATTO	ATTO	488	647N	4.851982973548232
ATTO	ATTO	488	Thio12	5.703665528781495
ATTO	Lumiprobe	488	Cy3	6.405887622419665
ATTO	Lumiprobe	488	Cy3W	6.595413061494154
ATTO	Lumiprobe	488	Cy3b	6.502949794971599
ATTO	Lumiprobe	488	Cy5	5.421512054545522
ATTO	Lumiprobe	488	Cy5W	5.494885427031098
ATTO	Lumiprobe	488	Cy55	5.121115311341103
ATTO	Lumiprobe	488	Cy7	4.677557636392678
ATTO	Lumiprobe	488	Cy75	4.154803566221791
ATTO	CF	488	660R	4.540024563269937
ATTO	AlexaFluor	495	430	1.8916011890317894
ATTO	AlexaFluor	495	488	3.5515803495682685
ATTO	AlexaFluor	495	514	4.284249705924782
ATTO	AlexaFluor	495	532	4.539181677370483
ATTO	AlexaFluor	495	546	4.7580261638332235
ATTO	AlexaFluor	495	555	5.09141106764132
ATTO	AlexaFluor	495	568	4.721423283054474
ATTO	AlexaFluor	495	594	4.662184322833607
ATTO	AlexaFluor	495	610	4.698833959933804
ATTO	AlexaFluor	495	633	4.6184764979303905
ATTO	AlexaFluor	495	635	4.455863164177113
ATTO	AlexaFluor	495	647	4.774691210035942
ATTO	AlexaFluor	495	660	4.885231234552609
ATTO	AlexaFluor	495	680	4.567459050950208
ATTO	AlexaFluor	495	700	4.486946596260647
ATTO	AlexaFluor	495	750	4.227333642770481
ATTO	AlexaFluor	495	790	3.8234586297884987
ATTO	ATTO	495	390	1.3608935024749271
ATTO	ATTO	495	425	1.3746287657405696
ATTO	ATTO	495	465	1.7662610447153608
ATTO	ATTO	495	488	3.565448729908997
ATTO	ATTO	495	495	3.4462706620513486
ATTO	ATTO	495	520	4.441211797707617
ATTO	ATTO	495	550	4.82588388885669
ATTO	ATTO	495	610	4.6739528532090455
ATTO	ATTO	495	647N	4.3009845642515385
ATTO	ATTO	495	Thio12	4.695811641780803
ATTO	Lumiprobe	495	Cy3	5.022897340146085
ATTO	Lumiprobe	495	Cy3W	5.171505445677865
ATTO	Lumiprobe	495	Cy3b	5.104787253806721
ATTO	Lumiprobe	495	Cy5	4.79563239591567
ATTO	Lumiprobe	495	Cy5W	4.860535271450993
ATTO	Lumiprobe	495	Cy55	4.606232050826058
ATTO	Lumiprobe	495	Cy7	4.116950155669032
ATTO	Lumiprobe	495	Cy75	3.8045494535030744
ATTO	CF	495	660R	4.02446619218542
ATTO	AlexaFluor	520	430	2.2430825782955917
ATTO	AlexaFluor	520	488	3.794980649264752
ATTO	AlexaFluor	520	514	5.222782389995113
ATTO	AlexaFluor	520	532	5.969971117302994
ATTO	AlexaFluor	520	546	6.316192447918392
ATTO	AlexaFluor	520	555	6.75570787670585
ATTO	AlexaFluor	520	568	6.25146472573536
ATTO	AlexaFluor	520	594	6.13767500757568
ATTO	AlexaFluor	520	610	6.089736642023964
ATTO	AlexaFluor	520	633	5.8944643502815
ATTO	AlexaFluor	520	635	5.674301072707383
ATTO	AlexaFluor	520	647	5.982742468316589
ATTO	AlexaFluor	520	660	6.246748378122503
ATTO	AlexaFluor	520	680	5.721869516169808
ATTO	AlexaFluor	520	700	5.541911491311682
ATTO	AlexaFluor	520	750	5.091558497521885
ATTO	AlexaFluor	520	790	4.5896857095404515
ATTO	ATTO	520	390	1.7791295191601402
ATTO	ATTO	520	425	1.5347974625631313
ATTO	ATTO	520	465	2.1268708810436268
ATTO	ATTO	520	488	3.6737444641384216
ATTO	ATTO	520	495	3.5490436137740957
ATTO	ATTO	520	520	5.304800300535858
ATTO	ATTO	520	550	6.452557483013073
ATTO	ATTO	520	610	6.024268923136461
ATTO	ATTO	520	647N	5.40291411978771
ATTO	ATTO	520	Thio12	6.203893980178308
ATTO	Lumiprobe	520	Cy3	6.656855143038185
ATTO	Lumiprobe	520	Cy3W	6.85380574039553
ATTO	Lumiprobe	520	Cy3b	6.732647011068834
ATTO	Lumiprobe	520	Cy5	6.043062220378947
ATTO	Lumiprobe	520	Cy5W	6.124847495554645
ATTO	Lumiprobe	520	Cy55	5.712993800368527
ATTO	Lumiprobe	520	Cy7	5.06746117164881
ATTO	Lumiprobe	520	Cy75	4.647387683189774
ATTO	CF	520	660R	5.041942322432598
ATTO	AlexaFluor	550	430	1.9106217800014083
ATTO	AlexaFluor	550	488	1.5786775860158881
ATTO	AlexaFluor	550	514	2.895656108664467
ATTO	AlexaFluor	550	532	4.047645609686533
ATTO	AlexaFluor	550	546	5.964314748678084
ATTO	AlexaFluor	550	555	5.601959786807877
ATTO	AlexaFluor	550	568	6.376185554581298
ATTO	AlexaFluor	550	594	6.4798046329412475
ATTO	AlexaFluor	550	610	6.6917467937742146
ATTO	AlexaFluor	550	633	6.727307433400758
ATTO	AlexaFluor	550	635	6.524339663887846
ATTO	AlexaFluor	550	647	7.008854448513969
ATTO	AlexaFluor	550	660	6.910042805082456
ATTO	AlexaFluor	550	680	6.562256182018333
ATTO	AlexaFluor	550	700	6.513233653584878
ATTO	AlexaFluor	550	750	6.101037356839994
ATTO	AlexaFluor	550	790	5.394937955254103
ATTO	ATTO	550	390	1.7266676992479988
ATTO	ATTO	550	425	0.48205702555341967
ATTO	ATTO	550	465	0.926101481897022
ATTO	ATTO	550	488	2.2214089979906015
ATTO	ATTO	550	495	1.5985133244392657
ATTO	ATTO	550	520	2.8643922121328864
ATTO	ATTO	550	550	5.562478387477251
ATTO	ATTO	550	610	6.738249165922879
ATTO	ATTO	550	647N	6.322203688150123
ATTO	ATTO	550	Thio12	6.539126812488016
ATTO	Lumiprobe	550	Cy3	5.558848442960163
ATTO	Lumiprobe	550	Cy3W	5.723313268757811
ATTO	Lumiprobe	550	Cy3b	5.884222118658807
ATTO	Lumiprobe	550	Cy5	7.042039967124472
ATTO	Lumiprobe	550	Cy5W	7.137345154379921
ATTO	Lumiprobe	550	Cy55	6.724608586475446
ATTO	Lumiprobe	550	Cy7	5.816579258869391
ATTO	Lumiprobe	550	Cy75	5.425561117132078
ATTO	CF	550	660R	5.8528547182119235
ATTO	AlexaFluor	610	430	0.7676287496518986
ATTO	AlexaFluor	610	514	1.064671212823059
ATTO	AlexaFluor	610	532	2.8850232520086756
ATTO	AlexaFluor	610	546	3.5426443817367455
ATTO	AlexaFluor	610	555	1.513001728121823
ATTO	AlexaFluor	610	568	3.615198662060265
ATTO	AlexaFluor	610	594	4.478011208322199
ATTO	AlexaFluor	610	610	5.903753538167101
ATTO	AlexaFluor	610	633	7.042285486174829
ATTO	AlexaFluor	610	635	6.872015030356513
ATTO	AlexaFluor	610	647	7.889291985845116
ATTO	AlexaFluor	610	660	7.409092471355732
ATTO	AlexaFluor	610	680	7.572759406058658
ATTO	AlexaFluor	610	700	7.728306756239242
ATTO	AlexaFluor	610	750	7.590994971148264
ATTO	AlexaFluor	610	790	6.802926559971539
ATTO	ATTO	610	390	0.6859019481320898
ATTO	ATTO	610	488	1.3013203618394464
ATTO	ATTO	610	520	1.2422459587736048
ATTO	ATTO	610	550	2.238808734659809
ATTO	ATTO	610	610	6.20120557492441
ATTO	ATTO	610	647N	7.074198202728502
ATTO	ATTO	610	Thio12	3.524026041954506
ATTO	Lumiprobe	610	Cy3	1.5716303257096178
ATTO	Lumiprobe	610	Cy3W	1.618128788545653
ATTO	Lumiprobe	610	Cy3b	1.634724865829278
ATTO	Lumiprobe	610	Cy5	7.796227602432827
ATTO	Lumiprobe	610	Cy5W	7.901739774332551
ATTO	Lumiprobe	610	Cy55	7.814511402707507
ATTO	Lumiprobe	610	Cy7	7.077572990948553
ATTO	Lumiprobe	610	Cy75	6.706329960375788
ATTO	CF	610	660R	6.625376277411111
ATTO	AlexaFluor	647N	430	0.32150037688032707
ATTO	AlexaFluor	647N	514	0.4335500501927189
ATTO	AlexaFluor	647N	532	2.7088763875378574
ATTO	AlexaFluor	647N	546	3.336219563826166
ATTO	AlexaFluor	647N	555	0.5713646070357553
ATTO	AlexaFluor	647N	568	1.9292918305755213
ATTO	AlexaFluor	647N	594	3.1514175138174227
ATTO	AlexaFluor	647N	610	3.665194199889323
ATTO	AlexaFluor	647N	633	5.687984104123257
ATTO	AlexaFluor	647N	635	5.560963590250972
ATTO	AlexaFluor	647N	647	7.5591876879078495
ATTO	AlexaFluor	647N	660	7.393954903958612
ATTO	AlexaFluor	647N	680	7.8535044073131965
ATTO	AlexaFluor	647N	700	7.946757059992144
ATTO	AlexaFluor	647N	750	8.044572535742606
ATTO	AlexaFluor	647N	790	7.2388022536038665
ATTO	ATTO	647N	488	0.6102766217485639
ATTO	ATTO	647N	520	0.5768531731408769
ATTO	ATTO	647N	550	1.346605323183973
ATTO	ATTO	647N	610	4.164287951902643
ATTO	ATTO	647N	647N	6.549991246713826
ATTO	ATTO	647N	Thio12	2.3458054998154863
ATTO	Lumiprobe	647N	Cy3	0.6925349013605399
ATTO	Lumiprobe	647N	Cy3W	0.7130243306154955
ATTO	Lumiprobe	647N	Cy5	7.208766285891993
ATTO	Lumiprobe	647N	Cy5W	7.306327904963328
ATTO	Lumiprobe	647N	Cy55	8.095412903297872
ATTO	Lumiprobe	647N	Cy7	7.496891483649604
ATTO	Lumiprobe	647N	Cy75	7.115622071405539
ATTO	CF	647N	660R	6.806948380207324
ATTO	AlexaFluor	Thio12	430	1.1455454742903315
ATTO	AlexaFluor	Thio12	488	0.46038071508846795
ATTO	AlexaFluor	Thio12	514	1.6004355998037492
ATTO	AlexaFluor	Thio12	532	2.3246291581203327
ATTO	AlexaFluor	Thio12	546	3.179512504994081
ATTO	AlexaFluor	Thio12	555	2.501892816268615
ATTO	AlexaFluor	Thio12	568	4.1012874376964055
ATTO	AlexaFluor	Thio12	594	4.588321219627971
ATTO	AlexaFluor	Thio12	610	5.233477827311001
ATTO	AlexaFluor	Thio12	633	5.365060003511014
ATTO	AlexaFluor	Thio12	635	5.209365899123614
ATTO	AlexaFluor	Thio12	647	5.81770798539763
ATTO	AlexaFluor	Thio12	660	5.583523979032046
ATTO	AlexaFluor	Thio12	680	5.529223961073061
ATTO	AlexaFluor	Thio12	700	5.571432481365534
ATTO	AlexaFluor	Thio12	750	5.384858935569046
ATTO	AlexaFluor	Thio12	790	4.79473010514335
ATTO	ATTO	Thio12	390	1.0422437899211014
ATTO	ATTO	Thio12	488	1.4930551550128082
ATTO	ATTO	Thio12	495	0.527579662895342
ATTO	ATTO	Thio12	520	1.6241294163262185
ATTO	ATTO	Thio12	550	2.594240845001363
ATTO	ATTO	Thio12	610	5.304906757164958
ATTO	ATTO	Thio12	647N	5.207669284447502
ATTO	ATTO	Thio12	Thio12	4.216269373239819
ATTO	Lumiprobe	Thio12	Cy3	2.476656910756609
ATTO	Lumiprobe	Thio12	Cy3W	2.5499316099263574
ATTO	Lumiprobe	Thio12	Cy3b	2.73812982675012
ATTO	Lumiprobe	Thio12	Cy5	5.780591433895826
ATTO	Lumiprobe	Thio12	Cy5W	5.858824495853247
ATTO	Lumiprobe	Thio12	Cy55	5.724750746367703
ATTO	Lumiprobe	Thio12	Cy7	5.049868292248405
ATTO	Lumiprobe	Thio12	Cy75	4.751862213380376
ATTO	CF	Thio12	660R	4.90664154248863
Lumiprobe	AlexaFluor	Cy3	430	1.5144412409565209
Lumiprobe	AlexaFluor	Cy3	488	1.8878752309785882
Lumiprobe	AlexaFluor	Cy3	514	2.5856151665233105
Lumiprobe	AlexaFluor	Cy3	532	3.4599126159051545
Lumiprobe	AlexaFluor	Cy3	546	4.78115855056669
Lumiprobe	AlexaFluor	Cy3	555	4.684347592412358
Lumiprobe	AlexaFluor	Cy3	568	4.84101333523407
Lumiprobe	AlexaFluor	Cy3	594	4.8535250074639205
Lumiprobe	AlexaFluor	Cy3	610	5.012449647291462
Lumiprobe	AlexaFluor	Cy3	633	4.932915315179775
Lumiprobe	AlexaFluor	Cy3	635	4.7650402437224555
Lumiprobe	AlexaFluor	Cy3	647	5.047526296382108
Lumiprobe	AlexaFluor	Cy3	660	5.070603917723812
Lumiprobe	AlexaFluor	Cy3	680	4.7324614997203795
Lumiprobe	AlexaFluor	Cy3	700	4.643322902971912
Lumiprobe	AlexaFluor	Cy3	750	4.257843068260458
Lumiprobe	AlexaFluor	Cy3	790	3.742004206566149
Lumiprobe	ATTO	Cy3	390	1.3391015155231794
Lumiprobe	ATTO	Cy3	425	0.6939243347131093
Lumiprobe	ATTO	Cy3	465	0.968909034888019
Lumiprobe	ATTO	Cy3	488	2.016373027969376
Lumiprobe	ATTO	Cy3	495	1.84032855126621
Lumiprobe	ATTO	Cy3	520	2.5937446833047084
Lumiprobe	ATTO	Cy3	550	4.595354623561472
Lumiprobe	ATTO	Cy3	610	5.013231523986034
Lumiprobe	ATTO	Cy3	647N	4.552289891313844
Lumiprobe	ATTO	Cy3	Thio12	4.918832143556328
Lumiprobe	Lumiprobe	Cy3	Cy3	4.632350770074603
Lumiprobe	Lumiprobe	Cy3	Cy3W	4.769404113091852
Lumiprobe	Lumiprobe	Cy3	Cy3b	4.815990130291562
Lumiprobe	Lumiprobe	Cy3	Cy5	5.088508015829128
Lumiprobe	Lumiprobe	Cy3	Cy5W	5.15737459590585
Lumiprobe	Lumiprobe	Cy3	Cy55	4.829711756993121
Lumiprobe	Lumiprobe	Cy3	Cy7	4.120496803020553
Lumiprobe	Lumiprobe	Cy3	Cy75	3.812707379722251
Lumiprobe	CF	Cy3	660R	4.218207380878314
Lumiprobe	AlexaFluor	Cy3W	430	1.4154804796719047
Lumiprobe	AlexaFluor	Cy3W	488	1.7645125246447242
Lumiprobe	AlexaFluor	Cy3W	514	2.416658829130791
Lumiprobe	AlexaFluor	Cy3W	532	3.233825543532532
Lumiprobe	AlexaFluor	Cy3W	546	4.468735012966979
Lumiprobe	AlexaFluor	Cy3W	555	4.378250141200519
Lumiprobe	AlexaFluor	Cy3W	568	4.524678602602806
Lumiprobe	AlexaFluor	Cy3W	594	4.536372702928692
Lumiprobe	AlexaFluor	Cy3W	610	4.684912454310986
Lumiprobe	AlexaFluor	Cy3W	633	4.610575272039899
Lumiprobe	AlexaFluor	Cy3W	635	4.453669952609164
Lumiprobe	AlexaFluor	Cy3W	647	4.717697029068571
Lumiprobe	AlexaFluor	Cy3W	660	4.739266649363519
Lumiprobe	AlexaFluor	Cy3W	680	4.4232200579945395
Lumiprobe	AlexaFluor	Cy3W	700	4.339906199212464
Lumiprobe	AlexaFluor	Cy3W	750	3.97961544207712
Lumiprobe	AlexaFluor	Cy3W	790	3.4974839340079793
Lumiprobe	ATTO	Cy3W	390	1.2515982820997036
Lumiprobe	ATTO	Cy3W	425	0.6485800330789586
Lumiprobe	ATTO	Cy3W	465	0.9055959309425
Lumiprobe	ATTO	Cy3W	488	1.8846136671667175
Lumiprobe	ATTO	Cy3W	495	1.7200727701095295
Lumiprobe	ATTO	Cy3W	520	2.4242571247939266
Lumiprobe	ATTO	Cy3W	550	4.295072394299678
Lumiprobe	ATTO	Cy3W	610	4.685643239480291
Lumiprobe	ATTO	Cy3W	647N	4.2548217155606896
Lumiprobe	ATTO	Cy3W	Thio12	4.5974123615315525
Lumiprobe	Lumiprobe	Cy3W	Cy3	4.329651037429695
Lumiprobe	Lumiprobe	Cy3W	Cy3W	4.457748666091846
Lumiprobe	Lumiprobe	Cy3W	Cy3b	4.5012905323515096
Lumiprobe	Lumiprobe	Cy3W	Cy5	4.756000808926026
Lumiprobe	Lumiprobe	Cy3W	Cy5W	4.820367320589954
Lumiprobe	Lumiprobe	Cy3W	Cy55	4.514115522995012
Lumiprobe	Lumiprobe	Cy3W	Cy7	3.8512440321172763
Lumiprobe	Lumiprobe	Cy3W	Cy75	3.5635670270635504
Lumiprobe	CF	Cy3W	660R	3.94256973817621
Lumiprobe	AlexaFluor	Cy3b	430	1.821747328900969
Lumiprobe	AlexaFluor	Cy3b	488	1.6484496039234109
Lumiprobe	AlexaFluor	Cy3b	514	2.8266809075690635
Lumiprobe	AlexaFluor	Cy3b	532	3.9143132852669997
Lumiprobe	AlexaFluor	Cy3b	546	5.7398189156044985
Lumiprobe	AlexaFluor	Cy3b	555	5.407215702998253
Lumiprobe	AlexaFluor	Cy3b	568	6.052964229558082
Lumiprobe	AlexaFluor	Cy3b	594	6.155249532532735
Lumiprobe	AlexaFluor	Cy3b	610	6.484771218736728
Lumiprobe	AlexaFluor	Cy3b	633	6.6045447821817795
Lumiprobe	AlexaFluor	Cy3b	635	6.403945635294249
Lumiprobe	AlexaFluor	Cy3b	647	6.932827091150837
Lumiprobe	AlexaFluor	Cy3b	660	6.792497413028707
Lumiprobe	AlexaFluor	Cy3b	680	6.5546352445175025
Lumiprobe	AlexaFluor	Cy3b	700	6.556383126169995
Lumiprobe	AlexaFluor	Cy3b	750	6.169466513713508
Lumiprobe	AlexaFluor	Cy3b	790	5.3907952041865865
Lumiprobe	ATTO	Cy3b	390	1.6421055809385148
Lumiprobe	ATTO	Cy3b	425	0.631710870932763
Lumiprobe	ATTO	Cy3b	465	0.9569467051835292
Lumiprobe	ATTO	Cy3b	488	2.1431654956429305
Lumiprobe	ATTO	Cy3b	495	1.6305291482678108
Lumiprobe	ATTO	Cy3b	520	2.8149456520435203
Lumiprobe	ATTO	Cy3b	550	5.363428940718784
Lumiprobe	ATTO	Cy3b	610	6.550376540189122
Lumiprobe	ATTO	Cy3b	647N	6.242472107668247
Lumiprobe	ATTO	Cy3b	Thio12	6.191214598351558
Lumiprobe	Lumiprobe	Cy3b	Cy3	5.3651271990644345
Lumiprobe	Lumiprobe	Cy3b	Cy3W	5.523860562499413
Lumiprobe	Lumiprobe	Cy3b	Cy3b	5.673429024784789
Lumiprobe	Lumiprobe	Cy3b	Cy5	6.944862407610859
Lumiprobe	Lumiprobe	Cy3b	Cy5W	7.038852418362097
Lumiprobe	Lumiprobe	Cy3b	Cy55	6.7336123865977555
Lumiprobe	Lumiprobe	Cy3b	Cy7	5.848245708986091
Lumiprobe	Lumiprobe	Cy3b	Cy75	5.397081853408281
Lumiprobe	CF	Cy3b	660R	5.801841942190913
Lumiprobe	AlexaFluor	Cy5	532	2.4189283538907573
Lumiprobe	AlexaFluor	Cy5	546	2.978631359818511
Lumiprobe	AlexaFluor	Cy5	568	1.7121153366662394
Lumiprobe	AlexaFluor	Cy5	594	2.815519961421425
Lumiprobe	AlexaFluor	Cy5	610	3.3128083842300646
Lumiprobe	AlexaFluor	Cy5	633	5.109222666740496
Lumiprobe	AlexaFluor	Cy5	635	4.995678341503166
Lumiprobe	AlexaFluor	Cy5	647	6.748372355442752
Lumiprobe	AlexaFluor	Cy5	660	6.5639441930499585
Lumiprobe	AlexaFluor	Cy5	680	6.9392227447555594
Lumiprobe	AlexaFluor	Cy5	700	7.0006555951033285
Lumiprobe	AlexaFluor	Cy5	750	7.025092731452986
Lumiprobe	AlexaFluor	Cy5	790	6.259966489306974
Lumiprobe	ATTO	Cy5	550	1.2247198201538654
Lumiprobe	ATTO	Cy5	610	3.7487678201467953
Lumiprobe	ATTO	Cy5	647N	5.8570109432115425
Lumiprobe	ATTO	Cy5	Thio12	2.086836615287985
Lumiprobe	Lumiprobe	Cy5	Cy3	0.5217762095076848
Lumiprobe	Lumiprobe	Cy5	Cy3W	0.5372135495040136
Lumiprobe	Lumiprobe	Cy5	Cy5	6.445171821269969
Lumiprobe	Lumiprobe	Cy5	Cy5W	6.5323991460490545
Lumiprobe	Lumiprobe	Cy5	Cy55	7.170009740365124
Lumiprobe	Lumiprobe	Cy5	Cy7	6.545466004848787
Lumiprobe	Lumiprobe	Cy5	Cy75	6.151494677284136
Lumiprobe	CF	Cy5	660R	6.0528335073285415
Lumiprobe	AlexaFluor	Cy5W	532	2.391272859104167
Lumiprobe	AlexaFluor	Cy5W	546	2.944576806730927
Lumiprobe	AlexaFluor	Cy5W	568	1.6925408020624944
Lumiprobe	AlexaFluor	Cy5W	594	2.783330253326355
Lumiprobe	AlexaFluor	Cy5W	610	3.274933200844958
Lumiprobe	AlexaFluor	Cy5W	633	5.0508091628447325
Lumiprobe	AlexaFluor	Cy5W	635	4.938562984569713
Lumiprobe	AlexaFluor	Cy5W	647	6.671218529785317
Lumiprobe	AlexaFluor	Cy5W	660	6.488898925951253
Lumiprobe	AlexaFluor	Cy5W	680	6.85988693551925
Lumiprobe	AlexaFluor	Cy5W	700	6.920617426960942
Lumiprobe	AlexaFluor	Cy5W	750	6.9447751746731345
Lumiprobe	AlexaFluor	Cy5W	790	6.188396585084388
Lumiprobe	ATTO	Cy5W	550	1.2107176557049597
Lumiprobe	ATTO	Cy5W	610	3.7059083329116933
Lumiprobe	ATTO	Cy5W	647N	5.790048010909538
Lumiprobe	ATTO	Cy5W	Thio12	2.0629779098237515
Lumiprobe	Lumiprobe	Cy5W	Cy3	0.5158107664971067
Lumiprobe	Lumiprobe	Cy5W	Cy3W	0.5310716121069439
Lumiprobe	Lumiprobe	Cy5W	Cy5	6.371484473145287
Lumiprobe	Lumiprobe	Cy5W	Cy5W	6.457714531997999
Lumiprobe	Lumiprobe	Cy5W	Cy55	7.088035354197165
Lumiprobe	Lumiprobe	Cy5W	Cy7	6.470631998011943
Lumiprobe	Lumiprobe	Cy5W	Cy75	6.081164926217415
Lumiprobe	CF	Cy5W	660R	5.983631744805574
Lumiprobe	AlexaFluor	Cy55	532	1.8026507579784534
Lumiprobe	AlexaFluor	Cy55	546	2.2278706766636707
Lumiprobe	AlexaFluor	Cy55	568	0.752986295995694
Lumiprobe	AlexaFluor	Cy55	594	1.982078355755815
Lumiprobe	AlexaFluor	Cy55	610	1.7434316268865586
Lumiprobe	AlexaFluor	Cy55	633	3.2869322962088314
Lumiprobe	AlexaFluor	Cy55	635	3.2354421152748527
Lumiprobe	AlexaFluor	Cy55	647	5.075015230388756
Lumiprobe	AlexaFluor	Cy55	660	5.861716787188449
Lumiprobe	AlexaFluor	Cy55	680	6.727839218638699
Lumiprobe	AlexaFluor	Cy55	700	7.13137279123654
Lumiprobe	AlexaFluor	Cy55	750	7.428253368544443
Lumiprobe	AlexaFluor	Cy55	790	6.850502735961626
Lumiprobe	ATTO	Cy55	550	0.6072067235587296
Lumiprobe	ATTO	Cy55	610	2.7408880838636005
Lumiprobe	ATTO	Cy55	647N	4.152914168833399
Lumiprobe	ATTO	Cy55	Thio12	1.2781270998469056
Lumiprobe	Lumiprobe	Cy55	Cy5	4.59525734866632
Lumiprobe	Lumiprobe	Cy55	Cy5W	4.657448399007725
Lumiprobe	Lumiprobe	Cy55	Cy55	6.642303119780836
Lumiprobe	Lumiprobe	Cy55	Cy7	6.92536408956358
Lumiprobe	Lumiprobe	Cy55	Cy75	6.694317629889349
Lumiprobe	CF	Cy55	660R	5.125525672481854
Lumiprobe	AlexaFluor	Cy7	660	2.5520980251758316
Lumiprobe	AlexaFluor	Cy7	680	3.1472706287699324
Lumiprobe	AlexaFluor	Cy7	700	4.194030501778802
Lumiprobe	AlexaFluor	Cy7	750	7.666660392820787
Lumiprobe	AlexaFluor	Cy7	790	8.10029174714421
Lumiprobe	ATTO	Cy7	610	1.394577895882949
Lumiprobe	ATTO	Cy7	647N	0.9643726553297345
Lumiprobe	Lumiprobe	Cy7	Cy55	2.7167246052431757
Lumiprobe	Lumiprobe	Cy7	Cy7	7.1298108910090425
Lumiprobe	Lumiprobe	Cy7	Cy75	7.968218941548411
Lumiprobe	CF	Cy7	660R	1.4923564963359914
Lumiprobe	AlexaFluor	Cy75	660	1.3024771535686892
Lumiprobe	AlexaFluor	Cy75	680	1.5647653488974023
Lumiprobe	AlexaFluor	Cy75	700	2.5001230140796133
Lumiprobe	AlexaFluor	Cy75	750	5.456496489511892
Lumiprobe	AlexaFluor	Cy75	790	6.496376119300979
Lumiprobe	ATTO	Cy75	610	0.7137921979596705
Lumiprobe	Lumiprobe	Cy75	Cy55	1.3792622812042
Lumiprobe	Lumiprobe	Cy75	Cy7	4.965329571900468
Lumiprobe	Lumiprobe	Cy75	Cy75	6.481233891018266
